{
    "train_rmse": 1.2566795172210439,
    "test_rmse": 1.6258044035401424,
    "train_mae": 1.059437583581177,
    "test_mae": 1.55088878356703,
    "train_r2": 0.0002670014277761368,
    "test_r2": 0.01256863652029927
}