Model,MAE,RMSE,R2
Linear Regression,1.55088878356703,1.6258044035401424,0.012568636520299159
Random Forest,1.493255,1.6338306728360807,0.0027950708374726574
